reward,step_time,total_stopped,total_wait_time
82.0,5.0,0,0.0
0.0,10.0,0,0.0
0.0,15.0,0,0.0
0.0,20.0,6,15.0
-15.0,25.0,8,33.0
-18.0,30.0,6,51.0
-18.0,35.0,4,45.0
6.0,40.0,6,75.0
-30.0,45.0,10,123.0
-48.0,50.0,6,112.0
11.0,55.0,16,102.0
10.0,60.0,7,111.0
-9.0,65.0,5,71.0
40.0,70.0,5,63.0
8.0,75.0,7,57.0
6.0,80.0,7,68.0
-11.0,85.0,15,115.0
-47.0,90.0,7,138.0
-23.0,95.0,7,138.0
0.0,100.0,9,169.0
-31.0,105.0,3,156.0
13.0,110.0,8,149.0
7.0,115.0,6,78.0
71.0,120.0,6,45.0
33.0,125.0,8,78.0
-33.0,130.0,7,85.0
-7.0,135.0,4,39.0
46.0,140.0,5,38.0
1.0,145.0,15,41.0
-3.0,150.0,7,63.0
-22.0,155.0,5,68.0
-5.0,160.0,9,99.0
-31.0,165.0,8,117.0
-18.0,170.0,5,101.0
16.0,175.0,9,110.0
-9.0,180.0,6,111.0
-1.0,185.0,9,73.0
38.0,190.0,10,86.0
-13.0,195.0,12,142.0
-56.0,200.0,12,180.0
-38.0,205.0,9,162.0
18.0,210.0,12,154.0
8.0,215.0,9,160.0
-6.0,220.0,4,115.0
45.0,225.0,6,87.0
28.0,230.0,4,47.0
40.0,235.0,17,100.0
-53.0,240.0,10,146.0
-46.0,245.0,9,132.0
14.0,250.0,15,174.0
-42.0,255.0,12,212.0
-38.0,260.0,8,205.0
7.0,265.0,8,153.0
52.0,270.0,10,80.0
73.0,275.0,11,109.0
-29.0,280.0,9,106.0
3.0,285.0,6,101.0
5.0,290.0,12,116.0
-15.0,295.0,10,135.0
-19.0,300.0,5,125.0
10.0,305.0,7,139.0
-14.0,310.0,8,166.0
-27.0,315.0,7,123.0
43.0,320.0,11,157.0
-34.0,325.0,21,222.0
-65.0,330.0,17,298.0
-76.0,335.0,13,331.0
-33.0,340.0,11,309.0
22.0,345.0,14,334.0
-25.0,350.0,11,277.0
57.0,355.0,14,265.0
12.0,360.0,14,221.0
44.0,365.0,13,182.0
39.0,370.0,14,215.0
-33.0,375.0,10,205.0
10.0,380.0,12,215.0
-10.0,385.0,20,254.0
-39.0,390.0,13,296.0
-42.0,395.0,10,243.0
53.0,400.0,14,228.0
15.0,405.0,16,220.0
8.0,410.0,15,255.0
-35.0,415.0,16,239.0
16.0,420.0,12,277.0
-38.0,425.0,15,265.0
12.0,430.0,17,288.0
-23.0,435.0,17,325.0
-37.0,440.0,13,295.0
30.0,445.0,16,288.0
7.0,450.0,14,280.0
8.0,455.0,17,265.0
15.0,460.0,18,276.0
-11.0,465.0,19,326.0
-50.0,470.0,13,341.0
-15.0,475.0,12,293.0
48.0,480.0,15,247.0
46.0,485.0,22,344.0
-97.0,490.0,21,413.0
-69.0,495.0,14,413.0
0.0,500.0,10,375.0
38.0,505.0,20,313.0
62.0,510.0,16,253.0
60.0,515.0,17,297.0
-44.0,520.0,11,273.0
24.0,525.0,10,263.0
10.0,530.0,15,247.0
16.0,535.0,21,293.0
-46.0,540.0,12,298.0
-5.0,545.0,10,281.0
17.0,550.0,13,259.0
22.0,555.0,15,299.0
-40.0,560.0,14,321.0
-22.0,565.0,13,254.0
67.0,570.0,16,258.0
-4.0,575.0,21,260.0
-2.0,580.0,21,321.0
-61.0,585.0,13,337.0
-16.0,590.0,9,314.0
23.0,595.0,18,280.0
34.0,600.0,17,324.0
-44.0,605.0,13,322.0
2.0,610.0,13,327.0
-5.0,615.0,11,309.0
18.0,620.0,15,268.0
41.0,625.0,19,283.0
-15.0,630.0,16,327.0
-44.0,635.0,13,334.0
-7.0,640.0,12,342.0
-8.0,645.0,15,338.0
4.0,650.0,18,395.0
-57.0,655.0,15,416.0
-21.0,660.0,11,339.0
77.0,665.0,18,355.0
-16.0,670.0,18,316.0
39.0,675.0,19,351.0
-35.0,680.0,20,378.0
-27.0,685.0,27,417.0
-39.0,690.0,13,396.0
21.0,695.0,12,353.0
43.0,700.0,12,364.0
-11.0,705.0,18,404.0
-40.0,710.0,17,420.0
-16.0,715.0,19,462.0
-42.0,720.0,14,467.0
-5.0,725.0,13,349.0
118.0,730.0,18,275.0
74.0,735.0,16,329.0
-54.0,740.0,17,356.0
-27.0,745.0,16,338.0
18.0,750.0,15,332.0
6.0,755.0,20,314.0
18.0,760.0,17,369.0
-55.0,765.0,13,357.0
12.0,770.0,12,379.0
-22.0,775.0,22,381.0
-2.0,780.0,12,378.0
3.0,785.0,19,380.0
-2.0,790.0,18,390.0
-10.0,795.0,19,374.0
16.0,800.0,20,419.0
-45.0,805.0,17,410.0
9.0,810.0,16,404.0
6.0,815.0,12,329.0
75.0,820.0,14,336.0
-7.0,825.0,18,343.0
-7.0,830.0,15,390.0
-47.0,835.0,15,401.0
-11.0,840.0,13,426.0
-25.0,845.0,17,485.0
-59.0,850.0,13,429.0
56.0,855.0,16,423.0
6.0,860.0,14,369.0
54.0,865.0,20,359.0
10.0,870.0,15,337.0
22.0,875.0,13,299.0
38.0,880.0,15,319.0
-20.0,885.0,14,289.0
30.0,890.0,11,266.0
23.0,895.0,17,276.0
-10.0,900.0,17,297.0
-21.0,905.0,22,347.0
-50.0,910.0,14,349.0
-2.0,915.0,13,335.0
14.0,920.0,17,321.0
14.0,925.0,23,351.0
-30.0,930.0,20,405.0
-54.0,935.0,15,410.0
-5.0,940.0,15,409.0
1.0,945.0,15,361.0
48.0,950.0,17,385.0
-24.0,955.0,26,416.0
-31.0,960.0,19,482.0
-66.0,965.0,15,499.0
-17.0,970.0,13,427.0
72.0,975.0,17,351.0
76.0,980.0,20,415.0
-64.0,985.0,17,444.0
-29.0,990.0,17,456.0
-12.0,995.0,19,460.0
-4.0,1000.0,18,404.0
56.0,1005.0,21,461.0
-57.0,1010.0,15,473.0
-12.0,1015.0,19,484.0
-11.0,1020.0,15,441.0
43.0,1025.0,21,463.0
-22.0,1030.0,22,486.0
-23.0,1035.0,18,435.0
51.0,1040.0,19,477.0
-42.0,1045.0,22,471.0
6.0,1050.0,15,429.0
42.0,1055.0,16,400.0
29.0,1060.0,19,345.0
55.0,1065.0,20,384.0
-39.0,1070.0,19,422.0
-38.0,1075.0,17,422.0
0.0,1080.0,12,399.0
23.0,1085.0,15,380.0
19.0,1090.0,17,332.0
48.0,1095.0,16,365.0
-33.0,1100.0,14,366.0
-1.0,1105.0,16,316.0
50.0,1110.0,17,299.0
17.0,1115.0,18,265.0
34.0,1120.0,20,306.0
-41.0,1125.0,16,341.0
-35.0,1130.0,12,315.0
26.0,1135.0,19,325.0
-10.0,1140.0,11,329.0
-4.0,1145.0,17,320.0
9.0,1150.0,16,377.0
-57.0,1155.0,12,402.0
-25.0,1160.0,12,364.0
38.0,1165.0,20,312.0
52.0,1170.0,19,352.0
-40.0,1175.0,18,411.0
-59.0,1180.0,16,419.0
-8.0,1185.0,15,445.0
-26.0,1190.0,18,471.0
-26.0,1195.0,18,418.0
53.0,1200.0,15,452.0
-34.0,1205.0,14,440.0
12.0,1210.0,10,346.0
94.0,1215.0,14,298.0
48.0,1220.0,16,354.0
-56.0,1225.0,21,387.0
-33.0,1230.0,15,350.0
37.0,1235.0,16,360.0
-10.0,1240.0,17,354.0
6.0,1245.0,17,339.0
15.0,1250.0,19,345.0
-6.0,1255.0,20,393.0
-48.0,1260.0,13,372.0
21.0,1265.0,15,343.0
29.0,1270.0,16,360.0
-17.0,1275.0,19,366.0
-6.0,1280.0,18,383.0
-17.0,1285.0,16,379.0
4.0,1290.0,14,388.0
-9.0,1295.0,13,351.0
37.0,1300.0,14,351.0
0.0,1305.0,11,318.0
33.0,1310.0,15,269.0
49.0,1315.0,27,353.0
-84.0,1320.0,20,428.0
-75.0,1325.0,16,444.0
-16.0,1330.0,10,415.0
29.0,1335.0,14,344.0
71.0,1340.0,17,386.0
-42.0,1345.0,17,402.0
-16.0,1350.0,12,389.0
13.0,1355.0,15,399.0
-10.0,1360.0,18,451.0
-52.0,1365.0,13,453.0
-2.0,1370.0,11,341.0
112.0,1375.0,20,263.0
78.0,1380.0,16,320.0
-57.0,1385.0,14,341.0
-21.0,1390.0,12,337.0
4.0,1395.0,16,319.0
18.0,1400.0,16,276.0
43.0,1405.0,23,321.0
-45.0,1410.0,12,327.0
-6.0,1415.0,11,312.0
15.0,1420.0,18,325.0
-13.0,1425.0,20,384.0
-59.0,1430.0,13,367.0
17.0,1435.0,10,329.0
38.0,1440.0,12,286.0
43.0,1445.0,15,216.0
70.0,1450.0,16,251.0
-35.0,1455.0,8,233.0
18.0,1460.0,14,226.0
7.0,1465.0,16,211.0
15.0,1470.0,16,225.0
-14.0,1475.0,18,231.0
-6.0,1480.0,15,280.0
-49.0,1485.0,11,284.0
-4.0,1490.0,6,221.0
63.0,1495.0,19,190.0
31.0,1500.0,16,246.0
-56.0,1505.0,13,267.0
-21.0,1510.0,10,265.0
2.0,1515.0,15,260.0
5.0,1520.0,13,213.0
47.0,1525.0,15,238.0
-25.0,1530.0,10,221.0
17.0,1535.0,11,201.0
20.0,1540.0,14,186.0
15.0,1545.0,19,236.0
-50.0,1550.0,15,278.0
-42.0,1555.0,11,260.0
18.0,1560.0,7,237.0
23.0,1565.0,13,208.0
29.0,1570.0,15,238.0
-30.0,1575.0,9,228.0
10.0,1580.0,11,219.0
9.0,1585.0,19,174.0
45.0,1590.0,13,200.0
-26.0,1595.0,15,226.0
-26.0,1600.0,13,258.0
-32.0,1605.0,12,269.0
-11.0,1610.0,8,216.0
53.0,1615.0,18,223.0
-7.0,1620.0,14,200.0
23.0,1625.0,14,237.0
-37.0,1630.0,9,217.0
20.0,1635.0,5,180.0
37.0,1640.0,12,137.0
43.0,1645.0,13,158.0
-21.0,1650.0,9,164.0
-6.0,1655.0,9,113.0
51.0,1660.0,10,146.0
-33.0,1665.0,9,175.0
-29.0,1670.0,7,169.0
6.0,1675.0,14,180.0
-11.0,1680.0,11,169.0
11.0,1685.0,10,194.0
-25.0,1690.0,8,190.0
4.0,1695.0,9,219.0
-29.0,1700.0,7,140.0
79.0,1705.0,14,130.0
10.0,1710.0,11,138.0
-8.0,1715.0,14,178.0
-40.0,1720.0,14,228.0
-50.0,1725.0,10,250.0
-22.0,1730.0,9,232.0
18.0,1735.0,10,159.0
73.0,1740.0,12,113.0
46.0,1745.0,9,123.0
-10.0,1750.0,10,139.0
-16.0,1755.0,8,125.0
14.0,1760.0,12,119.0
6.0,1765.0,18,148.0
-29.0,1770.0,9,140.0
8.0,1775.0,9,171.0
-31.0,1780.0,7,145.0
26.0,1785.0,12,169.0
-24.0,1790.0,10,143.0
26.0,1795.0,10,145.0
-2.0,1800.0,11,141.0
4.0,1805.0,14,203.0
-62.0,1810.0,8,207.0
-4.0,1815.0,3,125.0
82.0,1820.0,9,107.0
18.0,1825.0,11,74.0
33.0,1830.0,12,108.0
-34.0,1835.0,10,115.0
-7.0,1840.0,9,137.0
-22.0,1845.0,9,147.0
-10.0,1850.0,7,126.0
21.0,1855.0,17,121.0
5.0,1860.0,12,132.0
-11.0,1865.0,14,162.0
-30.0,1870.0,12,190.0
-28.0,1875.0,7,157.0
33.0,1880.0,9,134.0
23.0,1885.0,13,172.0
-38.0,1890.0,10,167.0
5.0,1895.0,11,167.0
0.0,1900.0,9,134.0
33.0,1905.0,10,124.0
10.0,1910.0,12,152.0
-28.0,1915.0,11,175.0
-23.0,1920.0,7,157.0
18.0,1925.0,9,123.0
34.0,1930.0,10,115.0
8.0,1935.0,11,101.0
14.0,1940.0,10,125.0
-24.0,1945.0,14,116.0
9.0,1950.0,8,126.0
-10.0,1955.0,7,112.0
14.0,1960.0,10,157.0
-45.0,1965.0,10,170.0
-13.0,1970.0,11,182.0
-12.0,1975.0,10,203.0
-21.0,1980.0,7,182.0
21.0,1985.0,8,204.0
-22.0,1990.0,5,118.0
86.0,1995.0,7,87.0
31.0,2000.0,9,92.0
-5.0,2005.0,12,95.0
-3.0,2010.0,12,147.0
-52.0,2015.0,9,155.0
-8.0,2020.0,5,118.0
37.0,2025.0,7,113.0
5.0,2030.0,6,84.0
29.0,2035.0,13,74.0
10.0,2040.0,12,111.0
-37.0,2045.0,11,148.0
-37.0,2050.0,6,136.0
12.0,2055.0,9,149.0
-13.0,2060.0,9,152.0
-3.0,2065.0,9,137.0
15.0,2070.0,11,137.0
0.0,2075.0,10,168.0
-31.0,2080.0,7,177.0
-9.0,2085.0,10,201.0
-24.0,2090.0,8,138.0
63.0,2095.0,14,152.0
-14.0,2100.0,14,218.0
-66.0,2105.0,18,294.0
-76.0,2110.0,15,320.0
-26.0,2115.0,12,341.0
-21.0,2120.0,11,323.0
18.0,2125.0,16,314.0
9.0,2130.0,12,309.0
5.0,2135.0,17,378.0
-69.0,2140.0,14,411.0
-33.0,2145.0,12,408.0
3.0,2150.0,7,277.0
131.0,2155.0,16,174.0
103.0,2160.0,12,196.0
-22.0,2165.0,9,192.0
4.0,2170.0,9,194.0
-2.0,2175.0,5,168.0
26.0,2180.0,12,150.0
18.0,2185.0,16,123.0
27.0,2190.0,12,153.0
-30.0,2195.0,10,164.0
-11.0,2200.0,10,144.0
20.0,2205.0,14,178.0
-34.0,2210.0,17,258.0
-80.0,2215.0,19,308.0
-50.0,2220.0,11,300.0
8.0,2225.0,13,258.0
42.0,2230.0,16,231.0
27.0,2235.0,16,259.0
-28.0,2240.0,10,226.0
33.0,2245.0,13,185.0
41.0,2250.0,9,183.0
2.0,2255.0,14,197.0
-14.0,2260.0,14,215.0
-18.0,2265.0,14,251.0
-36.0,2270.0,8,244.0
7.0,2275.0,11,168.0
76.0,2280.0,15,179.0
-11.0,2285.0,16,220.0
-41.0,2290.0,11,234.0
-14.0,2295.0,11,208.0
26.0,2300.0,13,203.0
5.0,2305.0,25,188.0
15.0,2310.0,13,222.0
-34.0,2315.0,7,205.0
17.0,2320.0,10,179.0
26.0,2325.0,9,164.0
15.0,2330.0,14,174.0
-10.0,2335.0,16,199.0
-25.0,2340.0,13,236.0
-37.0,2345.0,9,229.0
7.0,2350.0,9,223.0
6.0,2355.0,6,176.0
47.0,2360.0,9,97.0
79.0,2365.0,15,123.0
-26.0,2370.0,7,140.0
-17.0,2375.0,6,101.0
39.0,2380.0,10,102.0
-1.0,2385.0,13,161.0
-59.0,2390.0,9,171.0
-10.0,2395.0,12,136.0
35.0,2400.0,9,122.0
14.0,2405.0,10,114.0
8.0,2410.0,10,117.0
-3.0,2415.0,14,140.0
-23.0,2420.0,11,177.0
-37.0,2425.0,11,159.0
18.0,2430.0,8,112.0
47.0,2435.0,14,136.0
-24.0,2440.0,12,176.0
-40.0,2445.0,9,190.0
-14.0,2450.0,4,158.0
32.0,2455.0,11,136.0
22.0,2460.0,11,186.0
-50.0,2465.0,10,210.0
-24.0,2470.0,9,211.0
-1.0,2475.0,7,135.0
76.0,2480.0,13,128.0
7.0,2485.0,20,165.0
-37.0,2490.0,10,177.0
-12.0,2495.0,7,149.0
28.0,2500.0,15,183.0
-34.0,2505.0,12,187.0
-4.0,2510.0,13,159.0
28.0,2515.0,13,179.0
-20.0,2520.0,7,151.0
28.0,2525.0,8,123.0
28.0,2530.0,3,114.0
9.0,2535.0,8,106.0
8.0,2540.0,10,84.0
22.0,2545.0,12,105.0
-21.0,2550.0,8,101.0
4.0,2555.0,10,136.0
-35.0,2560.0,6,117.0
19.0,2565.0,9,130.0
-13.0,2570.0,9,123.0
7.0,2575.0,13,117.0
6.0,2580.0,8,131.0
-14.0,2585.0,11,158.0
-27.0,2590.0,11,166.0
-8.0,2595.0,12,177.0
-11.0,2600.0,11,190.0
-13.0,2605.0,10,149.0
41.0,2610.0,10,135.0
14.0,2615.0,12,187.0
-52.0,2620.0,13,180.0
7.0,2625.0,11,188.0
-8.0,2630.0,13,180.0
8.0,2635.0,14,205.0
-25.0,2640.0,6,161.0
44.0,2645.0,8,115.0
46.0,2650.0,15,132.0
-17.0,2655.0,12,165.0
-33.0,2660.0,9,159.0
6.0,2665.0,12,129.0
30.0,2670.0,12,127.0
2.0,2675.0,12,166.0
-39.0,2680.0,8,162.0
4.0,2685.0,9,139.0
23.0,2690.0,11,113.0
26.0,2695.0,12,142.0
-29.0,2700.0,9,146.0
-4.0,2705.0,10,168.0
-22.0,2710.0,10,167.0
1.0,2715.0,9,140.0
27.0,2720.0,12,151.0
-11.0,2725.0,17,160.0
-9.0,2730.0,12,188.0
-28.0,2735.0,10,182.0
6.0,2740.0,5,133.0
49.0,2745.0,11,138.0
-5.0,2750.0,13,202.0
-64.0,2755.0,15,241.0
-39.0,2760.0,9,211.0
30.0,2765.0,14,209.0
2.0,2770.0,14,205.0
4.0,2775.0,12,211.0
-6.0,2780.0,7,149.0
62.0,2785.0,11,122.0
27.0,2790.0,9,133.0
-11.0,2795.0,14,124.0
9.0,2800.0,11,167.0
-43.0,2805.0,11,193.0
-26.0,2810.0,7,199.0
-6.0,2815.0,14,220.0
-21.0,2820.0,10,181.0
39.0,2825.0,12,181.0
0.0,2830.0,11,205.0
-24.0,2835.0,6,170.0
35.0,2840.0,5,109.0
61.0,2845.0,18,122.0
-13.0,2850.0,14,176.0
-54.0,2855.0,10,195.0
-19.0,2860.0,6,155.0
40.0,2865.0,10,164.0
-9.0,2870.0,10,195.0
-31.0,2875.0,11,159.0
36.0,2880.0,13,183.0
-24.0,2885.0,12,168.0
15.0,2890.0,14,176.0
-8.0,2895.0,14,194.0
-18.0,2900.0,16,223.0
-29.0,2905.0,14,213.0
10.0,2910.0,7,193.0
20.0,2915.0,11,160.0
33.0,2920.0,15,223.0
-63.0,2925.0,12,244.0
-21.0,2930.0,5,174.0
70.0,2935.0,13,189.0
-15.0,2940.0,9,159.0
30.0,2945.0,11,143.0
16.0,2950.0,13,153.0
-10.0,2955.0,11,181.0
-28.0,2960.0,10,191.0
-10.0,2965.0,14,183.0
8.0,2970.0,13,178.0
5.0,2975.0,13,217.0
-39.0,2980.0,12,220.0
-3.0,2985.0,10,209.0
11.0,2990.0,13,198.0
11.0,2995.0,18,260.0
-62.0,3000.0,12,293.0
-33.0,3005.0,8,277.0
16.0,3010.0,11,295.0
-18.0,3015.0,8,257.0
38.0,3020.0,10,201.0
56.0,3025.0,21,145.0
56.0,3030.0,11,178.0
-33.0,3035.0,8,179.0
-1.0,3040.0,5,148.0
31.0,3045.0,11,126.0
22.0,3050.0,9,99.0
27.0,3055.0,11,114.0
-15.0,3060.0,7,116.0
-2.0,3065.0,6,100.0
16.0,3070.0,11,149.0
-49.0,3075.0,14,214.0
-65.0,3080.0,13,239.0
-25.0,3085.0,16,266.0
-27.0,3090.0,11,269.0
-3.0,3095.0,10,215.0
54.0,3100.0,16,243.0
-28.0,3105.0,13,243.0
0.0,3110.0,12,201.0
42.0,3115.0,19,197.0
4.0,3120.0,9,166.0
31.0,3125.0,10,139.0
27.0,3130.0,5,138.0
1.0,3135.0,11,149.0
-11.0,3140.0,12,157.0
-8.0,3145.0,12,169.0
-12.0,3150.0,11,161.0
8.0,3155.0,9,137.0
24.0,3160.0,13,138.0
-1.0,3165.0,18,220.0
-82.0,3170.0,12,255.0
-35.0,3175.0,11,242.0
13.0,3180.0,4,206.0
36.0,3185.0,8,162.0
44.0,3190.0,13,191.0
-29.0,3195.0,10,203.0
-12.0,3200.0,11,226.0
-23.0,3205.0,16,166.0
60.0,3210.0,16,195.0
-29.0,3215.0,13,212.0
-17.0,3220.0,12,244.0
-32.0,3225.0,13,251.0
-7.0,3230.0,8,245.0
6.0,3235.0,14,228.0
17.0,3240.0,12,262.0
-34.0,3245.0,12,284.0
-22.0,3250.0,7,205.0
79.0,3255.0,12,155.0
50.0,3260.0,14,158.0
-3.0,3265.0,14,185.0
-27.0,3270.0,14,197.0
-12.0,3275.0,10,209.0
-12.0,3280.0,5,158.0
51.0,3285.0,8,147.0
11.0,3290.0,6,143.0
4.0,3295.0,15,133.0
10.0,3300.0,11,167.0
-34.0,3305.0,7,162.0
5.0,3310.0,13,161.0
1.0,3315.0,9,143.0
18.0,3320.0,12,146.0
-3.0,3325.0,12,170.0
-24.0,3330.0,8,149.0
21.0,3335.0,7,91.0
58.0,3340.0,12,129.0
-38.0,3345.0,10,142.0
-13.0,3350.0,12,162.0
-20.0,3355.0,12,161.0
1.0,3360.0,5,154.0
7.0,3365.0,11,156.0
-2.0,3370.0,14,154.0
2.0,3375.0,13,187.0
-33.0,3380.0,10,186.0
1.0,3385.0,17,200.0
-14.0,3390.0,12,234.0
-34.0,3395.0,10,251.0
-17.0,3400.0,7,191.0
60.0,3405.0,12,189.0
2.0,3410.0,15,194.0
-5.0,3415.0,13,224.0
-30.0,3420.0,6,217.0
7.0,3425.0,7,212.0
5.0,3430.0,6,140.0
72.0,3435.0,9,137.0
3.0,3440.0,12,130.0
7.0,3445.0,15,148.0
-18.0,3450.0,10,164.0
-16.0,3455.0,8,138.0
26.0,3460.0,6,125.0
13.0,3465.0,8,127.0
-2.0,3470.0,11,121.0
6.0,3475.0,16,141.0
-20.0,3480.0,8,126.0
15.0,3485.0,7,104.0
22.0,3490.0,11,127.0
-23.0,3495.0,14,191.0
-64.0,3500.0,14,236.0
-45.0,3505.0,12,234.0
2.0,3510.0,10,197.0
37.0,3515.0,12,174.0
23.0,3520.0,10,200.0
-26.0,3525.0,7,143.0
57.0,3530.0,10,160.0
-17.0,3535.0,11,164.0
-4.0,3540.0,9,192.0
-28.0,3545.0,12,180.0
12.0,3550.0,11,192.0
-12.0,3555.0,14,211.0
-19.0,3560.0,9,247.0
-36.0,3565.0,13,173.0
74.0,3570.0,13,142.0
31.0,3575.0,10,166.0
-24.0,3580.0,5,137.0
29.0,3585.0,10,145.0
-8.0,3590.0,10,188.0
-43.0,3595.0,11,143.0
45.0,3600.0,8,130.0
13.0,3605.0,11,129.0
1.0,3610.0,11,139.0
-10.0,3615.0,9,131.0
8.0,3620.0,16,170.0
-39.0,3625.0,14,194.0
-24.0,3630.0,8,159.0
35.0,3635.0,5,133.0
26.0,3640.0,12,133.0
0.0,3645.0,8,145.0
-12.0,3650.0,5,125.0
20.0,3655.0,13,143.0
-18.0,3660.0,8,111.0
32.0,3665.0,13,155.0
-44.0,3670.0,16,228.0
-73.0,3675.0,11,271.0
-43.0,3680.0,8,260.0
11.0,3685.0,16,253.0
7.0,3690.0,14,276.0
-23.0,3695.0,10,275.0
1.0,3700.0,9,204.0
71.0,3705.0,14,156.0
48.0,3710.0,11,191.0
-35.0,3715.0,8,182.0
9.0,3720.0,5,159.0
23.0,3725.0,12,151.0
8.0,3730.0,12,184.0
-33.0,3735.0,7,171.0
13.0,3740.0,7,103.0
68.0,3745.0,21,136.0
-33.0,3750.0,13,183.0
-47.0,3755.0,9,184.0
-1.0,3760.0,7,157.0
27.0,3765.0,16,193.0
-36.0,3770.0,19,283.0
-90.0,3775.0,17,341.0
-58.0,3780.0,9,308.0
33.0,3785.0,12,211.0
97.0,3790.0,17,232.0
-21.0,3795.0,16,262.0
-30.0,3800.0,14,228.0
34.0,3805.0,15,210.0
18.0,3810.0,8,203.0
7.0,3815.0,13,187.0
16.0,3820.0,15,233.0
-46.0,3825.0,10,226.0
7.0,3830.0,10,258.0
-32.0,3835.0,14,223.0
35.0,3840.0,15,213.0
10.0,3845.0,15,193.0
20.0,3850.0,13,207.0
-14.0,3855.0,14,205.0
2.0,3860.0,12,225.0
-20.0,3865.0,9,173.0
52.0,3870.0,11,144.0
29.0,3875.0,12,166.0
-22.0,3880.0,10,159.0
7.0,3885.0,10,156.0
3.0,3890.0,13,158.0
-2.0,3895.0,17,178.0
-20.0,3900.0,12,220.0
-42.0,3905.0,10,214.0
6.0,3910.0,12,202.0
12.0,3915.0,12,233.0
-31.0,3920.0,12,247.0
-14.0,3925.0,18,249.0
-2.0,3930.0,14,260.0
-11.0,3935.0,17,292.0
-32.0,3940.0,15,345.0
-53.0,3945.0,13,367.0
-22.0,3950.0,10,292.0
75.0,3955.0,20,225.0
67.0,3960.0,17,277.0
-52.0,3965.0,13,286.0
-9.0,3970.0,9,271.0
15.0,3975.0,14,243.0
28.0,3980.0,14,272.0
-29.0,3985.0,15,283.0
-11.0,3990.0,13,311.0
-28.0,3995.0,10,274.0
37.0,4000.0,14,267.0
7.0,4005.0,13,214.0
53.0,4010.0,15,230.0
-16.0,4015.0,18,268.0
-38.0,4020.0,10,266.0
2.0,4025.0,9,215.0
51.0,4030.0,8,140.0
75.0,4035.0,9,152.0
-12.0,4040.0,9,155.0
-3.0,4045.0,13,154.0
1.0,4050.0,15,159.0
-5.0,4055.0,15,180.0
-21.0,4060.0,13,215.0
-35.0,4065.0,10,215.0
0.0,4070.0,7,168.0
47.0,4075.0,17,209.0
-41.0,4080.0,17,289.0
-80.0,4085.0,16,314.0
-25.0,4090.0,19,342.0
-28.0,4095.0,17,377.0
-35.0,4100.0,11,352.0
25.0,4105.0,20,333.0
19.0,4110.0,11,264.0
69.0,4115.0,16,215.0
49.0,4120.0,13,220.0
-5.0,4125.0,18,240.0
-20.0,4130.0,14,276.0
-36.0,4135.0,12,263.0
13.0,4140.0,12,243.0
20.0,4145.0,10,184.0
59.0,4150.0,17,212.0
-28.0,4155.0,14,268.0
-56.0,4160.0,12,268.0
0.0,4165.0,22,272.0
-4.0,4170.0,16,312.0
-40.0,4175.0,13,323.0
-11.0,4180.0,8,262.0
61.0,4185.0,15,198.0
64.0,4190.0,13,237.0
-39.0,4195.0,17,255.0
-18.0,4200.0,14,244.0
11.0,4205.0,16,251.0
-7.0,4210.0,18,245.0
6.0,4215.0,17,283.0
-38.0,4220.0,12,267.0
16.0,4225.0,11,225.0
42.0,4230.0,17,228.0
-3.0,4235.0,19,249.0
-21.0,4240.0,18,294.0
-45.0,4245.0,11,286.0
8.0,4250.0,8,244.0
42.0,4255.0,12,178.0
66.0,4260.0,10,166.0
12.0,4265.0,8,138.0
28.0,4270.0,10,142.0
-4.0,4275.0,8,106.0
36.0,4280.0,13,145.0
-39.0,4285.0,19,167.0
-22.0,4290.0,14,176.0
-9.0,4295.0,12,205.0
-29.0,4300.0,8,181.0
24.0,4305.0,9,143.0
38.0,4310.0,13,151.0
-8.0,4315.0,15,183.0
-32.0,4320.0,9,183.0
0.0,4325.0,8,170.0
13.0,4330.0,12,153.0
17.0,4335.0,11,180.0
-27.0,4340.0,11,187.0
-7.0,4345.0,13,184.0
3.0,4350.0,17,239.0
-55.0,4355.0,21,338.0
-99.0,4360.0,18,396.0
-58.0,4365.0,11,401.0
-5.0,4370.0,10,322.0
79.0,4375.0,21,326.0
-4.0,4380.0,16,369.0
-43.0,4385.0,15,358.0
11.0,4390.0,11,331.0
27.0,4395.0,14,303.0
28.0,4400.0,17,251.0
52.0,4405.0,21,298.0
-47.0,4410.0,13,305.0
-7.0,4415.0,13,310.0
-5.0,4420.0,13,292.0
18.0,4425.0,14,315.0
-23.0,4430.0,15,278.0
37.0,4435.0,22,285.0
-7.0,4440.0,16,333.0
-48.0,4445.0,12,325.0
8.0,4450.0,11,298.0
27.0,4455.0,13,275.0
23.0,4460.0,19,323.0
-48.0,4465.0,23,341.0
-18.0,4470.0,14,325.0
16.0,4475.0,16,279.0
46.0,4480.0,14,300.0
-21.0,4485.0,16,331.0
-31.0,4490.0,11,295.0
36.0,4495.0,21,306.0
-11.0,4500.0,18,340.0
-34.0,4505.0,18,394.0
-54.0,4510.0,15,408.0
-14.0,4515.0,12,335.0
73.0,4520.0,16,344.0
-9.0,4525.0,23,330.0
14.0,4530.0,18,359.0
-29.0,4535.0,13,329.0
30.0,4540.0,11,315.0
14.0,4545.0,14,265.0
50.0,4550.0,17,315.0
-50.0,4555.0,21,343.0
-28.0,4560.0,14,345.0
-2.0,4565.0,14,328.0
17.0,4570.0,25,388.0
-60.0,4575.0,23,468.0
-80.0,4580.0,16,498.0
-30.0,4585.0,15,458.0
40.0,4590.0,15,388.0
70.0,4595.0,20,351.0
37.0,4600.0,22,410.0
-59.0,4605.0,16,419.0
-9.0,4610.0,16,415.0
4.0,4615.0,15,421.0
-6.0,4620.0,16,377.0
44.0,4625.0,16,315.0
62.0,4630.0,21,377.0
-62.0,4635.0,14,399.0
-22.0,4640.0,13,347.0
52.0,4645.0,24,322.0
25.0,4650.0,20,325.0
-3.0,4655.0,19,383.0
-58.0,4660.0,15,362.0
21.0,4665.0,11,328.0
34.0,4670.0,11,227.0
101.0,4675.0,17,261.0
-34.0,4680.0,12,287.0
-26.0,4685.0,8,263.0
24.0,4690.0,9,259.0
4.0,4695.0,7,179.0
80.0,4700.0,14,173.0
6.0,4705.0,16,169.0
4.0,4710.0,13,200.0
-31.0,4715.0,9,204.0
-4.0,4720.0,8,181.0
23.0,4725.0,11,163.0
18.0,4730.0,9,185.0
-22.0,4735.0,15,175.0
10.0,4740.0,8,131.0
44.0,4745.0,14,140.0
-9.0,4750.0,12,174.0
-34.0,4755.0,14,210.0
-36.0,4760.0,11,213.0
-3.0,4765.0,9,200.0
13.0,4770.0,14,202.0
-2.0,4775.0,14,193.0
9.0,4780.0,13,222.0
-29.0,4785.0,10,216.0
6.0,4790.0,8,206.0
10.0,4795.0,9,158.0
48.0,4800.0,11,156.0
2.0,4805.0,19,228.0
-72.0,4810.0,15,283.0
-55.0,4815.0,11,299.0
-16.0,4820.0,8,258.0
41.0,4825.0,16,213.0
45.0,4830.0,10,239.0
-26.0,4835.0,8,169.0
70.0,4840.0,11,192.0
-23.0,4845.0,12,210.0
-18.0,4850.0,10,186.0
24.0,4855.0,18,243.0
-57.0,4860.0,16,269.0
-26.0,4865.0,15,314.0
-45.0,4870.0,14,336.0
-22.0,4875.0,9,278.0
58.0,4880.0,18,289.0
-11.0,4885.0,20,294.0
-5.0,4890.0,17,269.0
25.0,4895.0,17,296.0
-27.0,4900.0,11,273.0
23.0,4905.0,10,229.0
44.0,4910.0,8,225.0
4.0,4915.0,17,231.0
-6.0,4920.0,15,215.0
16.0,4925.0,17,260.0
-45.0,4930.0,12,253.0
7.0,4935.0,11,249.0
4.0,4940.0,8,206.0
43.0,4945.0,17,199.0
7.0,4950.0,15,219.0
-20.0,4955.0,16,265.0
-46.0,4960.0,14,276.0
-11.0,4965.0,10,279.0
-3.0,4970.0,14,296.0
-17.0,4975.0,17,254.0
42.0,4980.0,14,285.0
-31.0,4985.0,9,268.0
17.0,4990.0,11,260.0
8.0,4995.0,9,231.0
29.0,5000.0,14,276.0
-45.0,5005.0,22,326.0
-50.0,5010.0,10,268.0
58.0,5015.0,16,243.0
25.0,5020.0,15,282.0
-39.0,5025.0,14,292.0
-10.0,5030.0,10,257.0
35.0,5035.0,14,172.0
85.0,5040.0,12,174.0
-2.0,5045.0,11,178.0
-4.0,5050.0,10,178.0
0.0,5055.0,16,180.0
-2.0,5060.0,18,229.0
-49.0,5065.0,23,275.0
-46.0,5070.0,13,283.0
-8.0,5075.0,12,283.0
0.0,5080.0,15,292.0
-9.0,5085.0,18,303.0
-11.0,5090.0,16,339.0
-36.0,5095.0,15,319.0
20.0,5100.0,9,262.0
57.0,5105.0,16,318.0
-56.0,5110.0,18,375.0
-57.0,5115.0,12,383.0
-8.0,5120.0,14,416.0
-33.0,5125.0,14,347.0
69.0,5130.0,14,327.0
20.0,5135.0,18,290.0
37.0,5140.0,15,268.0
22.0,5145.0,18,313.0
-45.0,5150.0,13,319.0
-6.0,5155.0,12,286.0
33.0,5160.0,15,300.0
-14.0,5165.0,17,314.0
-14.0,5170.0,20,333.0
-19.0,5175.0,18,367.0
-34.0,5180.0,13,347.0
20.0,5185.0,19,322.0
25.0,5190.0,13,272.0
50.0,5195.0,15,291.0
-19.0,5200.0,16,303.0
-12.0,5205.0,16,323.0
-20.0,5210.0,10,320.0
3.0,5215.0,14,331.0
-11.0,5220.0,10,277.0
54.0,5225.0,16,270.0
7.0,5230.0,15,229.0
41.0,5235.0,16,253.0
-24.0,5240.0,16,275.0
-22.0,5245.0,17,294.0
-19.0,5250.0,10,267.0
27.0,5255.0,9,249.0
18.0,5260.0,14,222.0
27.0,5265.0,11,221.0
1.0,5270.0,7,168.0
53.0,5275.0,15,173.0
-5.0,5280.0,10,182.0
-9.0,5285.0,14,172.0
10.0,5290.0,16,209.0
-37.0,5295.0,18,248.0
-39.0,5300.0,13,277.0
-29.0,5305.0,11,251.0
26.0,5310.0,12,224.0
27.0,5315.0,9,171.0
53.0,5320.0,13,160.0
11.0,5325.0,13,205.0
-45.0,5330.0,10,227.0
-22.0,5335.0,14,205.0
22.0,5340.0,12,251.0
-46.0,5345.0,10,225.0
26.0,5350.0,15,197.0
28.0,5355.0,15,250.0
-53.0,5360.0,12,269.0
-19.0,5365.0,18,248.0
21.0,5370.0,20,250.0
-2.0,5375.0,18,315.0
-65.0,5380.0,15,335.0
-20.0,5385.0,12,319.0
16.0,5390.0,15,280.0
39.0,5395.0,20,333.0
-53.0,5400.0,16,384.0
-51.0,5405.0,11,383.0
1.0,5410.0,8,310.0
73.0,5415.0,12,258.0
52.0,5420.0,17,239.0
19.0,5425.0,20,276.0
-37.0,5430.0,13,270.0
6.0,5435.0,11,248.0
22.0,5440.0,10,235.0
13.0,5445.0,11,219.0
16.0,5450.0,12,190.0
29.0,5455.0,18,224.0
-34.0,5460.0,11,232.0
-8.0,5465.0,11,237.0
-5.0,5470.0,7,247.0
-10.0,5475.0,11,233.0
14.0,5480.0,14,284.0
-51.0,5485.0,15,315.0
-31.0,5490.0,9,310.0
5.0,5495.0,12,321.0
-11.0,5500.0,13,340.0
-19.0,5505.0,13,260.0
80.0,5510.0,11,288.0
-28.0,5515.0,12,295.0
-7.0,5520.0,10,302.0
-7.0,5525.0,9,299.0
3.0,5530.0,11,212.0
87.0,5535.0,14,205.0
7.0,5540.0,18,285.0
-80.0,5545.0,21,326.0
-41.0,5550.0,10,312.0
14.0,5555.0,12,279.0
33.0,5560.0,12,235.0
44.0,5565.0,18,280.0
-45.0,5570.0,12,283.0
-3.0,5575.0,10,214.0
69.0,5580.0,9,140.0
74.0,5585.0,7,133.0
7.0,5590.0,11,125.0
8.0,5595.0,12,155.0
-30.0,5600.0,12,182.0
-27.0,5605.0,11,168.0
14.0,5610.0,13,155.0
13.0,5615.0,14,190.0
-35.0,5620.0,13,225.0
-35.0,5625.0,9,219.0
6.0,5630.0,9,223.0
-4.0,5635.0,13,179.0
44.0,5640.0,13,162.0
17.0,5645.0,12,167.0
-5.0,5650.0,12,156.0
11.0,5655.0,9,157.0
-1.0,5660.0,6,128.0
29.0,5665.0,10,125.0
3.0,5670.0,8,132.0
-7.0,5675.0,9,99.0
33.0,5680.0,10,103.0
-4.0,5685.0,14,159.0
-56.0,5690.0,11,190.0
-31.0,5695.0,9,177.0
13.0,5700.0,4,140.0
37.0,5705.0,10,106.0
34.0,5710.0,10,90.0
16.0,5715.0,7,105.0
-15.0,5720.0,10,127.0
-22.0,5725.0,16,145.0
-18.0,5730.0,9,139.0
6.0,5735.0,6,128.0
11.0,5740.0,8,117.0
11.0,5745.0,11,98.0
19.0,5750.0,9,125.0
-27.0,5755.0,10,122.0
3.0,5760.0,10,144.0
-22.0,5765.0,8,137.0
7.0,5770.0,11,138.0
-1.0,5775.0,9,138.0
0.0,5780.0,11,117.0
21.0,5785.0,11,132.0
-15.0,5790.0,6,109.0
23.0,5795.0,7,125.0
-16.0,5800.0,7,142.0
-17.0,5805.0,9,173.0
-31.0,5810.0,9,158.0
15.0,5815.0,12,183.0
-25.0,5820.0,8,196.0
-13.0,5825.0,6,105.0
91.0,5830.0,10,91.0
14.0,5835.0,11,145.0
-54.0,5840.0,15,217.0
-72.0,5845.0,19,238.0
-21.0,5850.0,15,247.0
-9.0,5855.0,14,244.0
3.0,5860.0,12,247.0
-3.0,5865.0,7,179.0
68.0,5870.0,9,124.0
55.0,5875.0,8,132.0
-8.0,5880.0,11,147.0
-15.0,5885.0,9,176.0
-29.0,5890.0,9,166.0
10.0,5895.0,12,138.0
28.0,5900.0,13,181.0
-43.0,5905.0,18,186.0
-5.0,5910.0,11,181.0
5.0,5915.0,17,238.0
-57.0,5920.0,16,287.0
-49.0,5925.0,14,311.0
-24.0,5930.0,10,283.0
28.0,5935.0,15,234.0
49.0,5940.0,14,263.0
-29.0,5945.0,13,284.0
-21.0,5950.0,11,227.0
57.0,5955.0,17,244.0
-17.0,5960.0,18,317.0
-73.0,5965.0,17,347.0
-30.0,5970.0,15,385.0
-38.0,5975.0,13,378.0
7.0,5980.0,14,331.0
47.0,5985.0,11,246.0
85.0,5990.0,10,268.0
-22.0,5995.0,16,282.0
-14.0,6000.0,10,218.0
64.0,6005.0,15,162.0
56.0,6010.0,16,235.0
-73.0,6015.0,17,316.0
-81.0,6020.0,15,328.0
-12.0,6025.0,17,292.0
36.0,6030.0,16,299.0
-7.0,6035.0,11,257.0
42.0,6040.0,12,222.0
35.0,6045.0,15,244.0
-22.0,6050.0,16,267.0
-23.0,6055.0,15,272.0
-5.0,6060.0,13,293.0
-21.0,6065.0,13,288.0
5.0,6070.0,14,288.0
0.0,6075.0,16,266.0
22.0,6080.0,18,265.0
1.0,6085.0,26,323.0
-58.0,6090.0,14,333.0
-10.0,6095.0,11,339.0
-6.0,6100.0,13,307.0
32.0,6105.0,21,367.0
-60.0,6110.0,17,383.0
-16.0,6115.0,14,388.0
-5.0,6120.0,17,376.0
12.0,6125.0,19,430.0
-54.0,6130.0,15,477.0
-47.0,6135.0,12,432.0
45.0,6140.0,17,378.0
54.0,6145.0,24,445.0
-67.0,6150.0,17,482.0
-37.0,6155.0,12,481.0
1.0,6160.0,17,450.0
31.0,6165.0,20,427.0
23.0,6170.0,17,486.0
-59.0,6175.0,19,507.0
-21.0,6180.0,14,523.0
-16.0,6185.0,11,421.0
102.0,6190.0,14,436.0
-15.0,6195.0,18,455.0
-19.0,6200.0,15,505.0
-50.0,6205.0,15,501.0
4.0,6210.0,12,430.0
71.0,6215.0,15,325.0
105.0,6220.0,20,273.0
52.0,6225.0,16,320.0
-47.0,6230.0,11,324.0
-4.0,6235.0,13,264.0
60.0,6240.0,13,257.0
7.0,6245.0,18,231.0
26.0,6250.0,16,262.0
-31.0,6255.0,11,264.0
-2.0,6260.0,13,273.0
-9.0,6265.0,18,240.0
33.0,6270.0,18,278.0
-38.0,6275.0,16,281.0
-3.0,6280.0,16,292.0
-11.0,6285.0,20,306.0
-14.0,6290.0,18,343.0
-37.0,6295.0,15,326.0
17.0,6300.0,13,303.0
23.0,6305.0,11,254.0
49.0,6310.0,15,199.0
55.0,6315.0,13,244.0
-45.0,6320.0,15,278.0
-34.0,6325.0,15,274.0
4.0,6330.0,15,262.0
12.0,6335.0,15,237.0
25.0,6340.0,14,246.0
-9.0,6345.0,16,271.0
-25.0,6350.0,10,255.0
16.0,6355.0,17,254.0
1.0,6360.0,18,303.0
-49.0,6365.0,17,333.0
-30.0,6370.0,15,348.0
-15.0,6375.0,12,338.0
10.0,6380.0,12,264.0
74.0,6385.0,17,265.0
-1.0,6390.0,17,249.0
16.0,6395.0,15,240.0
9.0,6400.0,16,262.0
-22.0,6405.0,10,234.0
28.0,6410.0,9,215.0
19.0,6415.0,20,245.0
-30.0,6420.0,17,292.0
-47.0,6425.0,13,294.0
-2.0,6430.0,13,287.0
7.0,6435.0,18,282.0
5.0,6440.0,17,336.0
-54.0,6445.0,22,364.0
-28.0,6450.0,12,304.0
60.0,6455.0,15,243.0
61.0,6460.0,22,317.0
-74.0,6465.0,20,362.0
-45.0,6470.0,16,395.0
-33.0,6475.0,16,391.0
4.0,6480.0,11,371.0
20.0,6485.0,14,349.0
22.0,6490.0,19,308.0
41.0,6495.0,18,340.0
-32.0,6500.0,14,319.0
21.0,6505.0,16,289.0
30.0,6510.0,12,264.0
25.0,6515.0,19,320.0
-56.0,6520.0,20,355.0
-35.0,6525.0,19,369.0
-14.0,6530.0,17,403.0
-34.0,6535.0,20,393.0
10.0,6540.0,13,385.0
8.0,6545.0,10,307.0
78.0,6550.0,15,267.0
40.0,6555.0,16,316.0
-49.0,6560.0,11,302.0
14.0,6565.0,17,265.0
37.0,6570.0,15,271.0
-6.0,6575.0,12,272.0
-1.0,6580.0,11,278.0
-6.0,6585.0,11,235.0
43.0,6590.0,15,252.0
-17.0,6595.0,20,292.0
-40.0,6600.0,16,347.0
-55.0,6605.0,13,353.0
-6.0,6610.0,13,365.0
-12.0,6615.0,12,312.0
53.0,6620.0,17,369.0
-57.0,6625.0,25,410.0
-41.0,6630.0,16,422.0
-12.0,6635.0,16,402.0
20.0,6640.0,17,355.0
47.0,6645.0,19,409.0
-54.0,6650.0,18,438.0
-29.0,6655.0,20,472.0
-34.0,6660.0,16,456.0
16.0,6665.0,20,452.0
4.0,6670.0,19,468.0
-16.0,6675.0,17,405.0
63.0,6680.0,19,440.0
-35.0,6685.0,18,444.0
-4.0,6690.0,13,347.0
97.0,6695.0,17,303.0
44.0,6700.0,19,345.0
-42.0,6705.0,21,386.0
-41.0,6710.0,17,403.0
-17.0,6715.0,20,373.0
30.0,6720.0,13,328.0
45.0,6725.0,7,277.0
51.0,6730.0,14,201.0
76.0,6735.0,12,237.0
-36.0,6740.0,13,249.0
-12.0,6745.0,14,252.0
-3.0,6750.0,11,233.0
19.0,6755.0,13,197.0
36.0,6760.0,14,246.0
-49.0,6765.0,12,277.0
-31.0,6770.0,9,292.0
-15.0,6775.0,14,314.0
-22.0,6780.0,12,249.0
65.0,6785.0,14,281.0
-32.0,6790.0,12,302.0
-21.0,6795.0,7,252.0
50.0,6800.0,11,214.0
38.0,6805.0,20,168.0
46.0,6810.0,17,207.0
-39.0,6815.0,13,230.0
-23.0,6820.0,9,239.0
-9.0,6825.0,11,213.0
26.0,6830.0,11,200.0
13.0,6835.0,15,222.0
-22.0,6840.0,16,281.0
-59.0,6845.0,14,276.0
5.0,6850.0,12,228.0
48.0,6855.0,9,194.0
34.0,6860.0,8,158.0
36.0,6865.0,11,114.0
44.0,6870.0,10,129.0
-15.0,6875.0,13,159.0
-30.0,6880.0,10,169.0
-10.0,6885.0,6,127.0
42.0,6890.0,5,80.0
47.0,6895.0,16,130.0
-50.0,6900.0,12,168.0
-38.0,6905.0,10,177.0
-9.0,6910.0,8,150.0
27.0,6915.0,8,134.0
16.0,6920.0,11,124.0
10.0,6925.0,11,142.0
-18.0,6930.0,5,113.0
29.0,6935.0,6,101.0
12.0,6940.0,5,45.0
56.0,6945.0,10,90.0
-45.0,6950.0,12,147.0
-57.0,6955.0,16,169.0
-22.0,6960.0,10,196.0
-27.0,6965.0,5,164.0
32.0,6970.0,11,169.0
-5.0,6975.0,10,166.0
3.0,6980.0,9,158.0
8.0,6985.0,21,159.0
-1.0,6990.0,12,188.0
-29.0,6995.0,8,192.0
-4.0,7000.0,10,201.0
-9.0,7005.0,10,183.0
18.0,7010.0,14,201.0
-18.0,7015.0,17,182.0
19.0,7020.0,12,219.0
-37.0,7025.0,10,222.0
-3.0,7030.0,7,191.0
31.0,7035.0,10,142.0
49.0,7040.0,13,180.0
-38.0,7045.0,15,198.0
-18.0,7050.0,13,237.0
-39.0,7055.0,10,253.0
-16.0,7060.0,12,209.0
44.0,7065.0,17,248.0
-39.0,7070.0,13,281.0
-33.0,7075.0,22,322.0
-41.0,7080.0,14,342.0
-20.0,7085.0,11,277.0
65.0,7090.0,15,239.0
38.0,7095.0,16,251.0
-12.0,7100.0,14,226.0
25.0,7105.0,18,260.0
-34.0,7110.0,13,244.0
16.0,7115.0,14,279.0
-35.0,7120.0,12,282.0
-3.0,7125.0,12,287.0
-5.0,7130.0,14,275.0
12.0,7135.0,16,227.0
48.0,7140.0,13,262.0
-35.0,7145.0,11,242.0
20.0,7150.0,12,233.0
9.0,7155.0,14,223.0
10.0,7160.0,15,253.0
-30.0,7165.0,23,293.0
-40.0,7170.0,16,332.0
-39.0,7175.0,16,362.0
-30.0,7180.0,18,397.0
-35.0,7185.0,17,410.0
-13.0,7190.0,15,382.0
28.0,7195.0,22,355.0
27.0,7200.0,23,422.0
-67.0,7205.0,17,434.0
-12.0,7210.0,12,396.0
38.0,7215.0,11,306.0
90.0,7220.0,22,313.0
-7.0,7225.0,23,372.0
-59.0,7230.0,13,378.0
-6.0,7235.0,14,370.0
8.0,7240.0,9,338.0
32.0,7245.0,17,319.0
19.0,7250.0,16,377.0
-58.0,7255.0,17,395.0
-18.0,7260.0,11,313.0
82.0,7265.0,15,313.0
0.0,7270.0,18,286.0
27.0,7275.0,15,328.0
-42.0,7280.0,12,327.0
1.0,7285.0,15,339.0
-12.0,7290.0,11,264.0
75.0,7295.0,12,233.0
31.0,7300.0,17,289.0
-56.0,7305.0,15,343.0
-54.0,7310.0,10,342.0
1.0,7315.0,16,318.0
24.0,7320.0,12,263.0
55.0,7325.0,18,289.0
-26.0,7330.0,15,342.0
-53.0,7335.0,9,284.0
58.0,7340.0,15,250.0
34.0,7345.0,21,278.0
-28.0,7350.0,11,258.0
20.0,7355.0,9,234.0
24.0,7360.0,6,193.0
41.0,7365.0,9,116.0
77.0,7370.0,13,145.0
-29.0,7375.0,12,171.0
-26.0,7380.0,7,166.0
5.0,7385.0,8,168.0
-2.0,7390.0,7,151.0
17.0,7395.0,7,108.0
43.0,7400.0,15,121.0
-13.0,7405.0,15,157.0
-36.0,7410.0,8,158.0
-1.0,7415.0,4,121.0
37.0,7420.0,9,113.0
8.0,7425.0,7,133.0
-20.0,7430.0,4,109.0
24.0,7435.0,13,138.0
-29.0,7440.0,7,137.0
1.0,7445.0,11,166.0
-29.0,7450.0,10,119.0
47.0,7455.0,10,151.0
-32.0,7460.0,9,175.0
-24.0,7465.0,14,164.0
11.0,7470.0,11,152.0
12.0,7475.0,13,135.0
17.0,7480.0,10,152.0
-17.0,7485.0,8,149.0
3.0,7490.0,14,194.0
-45.0,7495.0,14,221.0
-27.0,7500.0,7,200.0
21.0,7505.0,8,144.0
56.0,7510.0,11,145.0
-1.0,7515.0,14,142.0
3.0,7520.0,12,170.0
-28.0,7525.0,17,161.0
9.0,7530.0,10,158.0
3.0,7535.0,10,154.0
4.0,7540.0,14,150.0
4.0,7545.0,13,170.0
-20.0,7550.0,13,211.0
-41.0,7555.0,14,218.0
-7.0,7560.0,13,246.0
-28.0,7565.0,12,242.0
4.0,7570.0,13,214.0
28.0,7575.0,13,261.0
-47.0,7580.0,14,312.0
-51.0,7585.0,15,336.0
-24.0,7590.0,8,280.0
56.0,7595.0,14,223.0
57.0,7600.0,16,282.0
-59.0,7605.0,15,243.0
39.0,7610.0,14,266.0
-23.0,7615.0,16,257.0
9.0,7620.0,12,267.0
-10.0,7625.0,17,286.0
-19.0,7630.0,13,259.0
27.0,7635.0,12,234.0
25.0,7640.0,10,229.0
5.0,7645.0,18,220.0
9.0,7650.0,16,264.0
-44.0,7655.0,11,256.0
8.0,7660.0,16,244.0
12.0,7665.0,19,306.0
-62.0,7670.0,14,324.0
-18.0,7675.0,18,350.0
-26.0,7680.0,12,333.0
17.0,7685.0,21,344.0
-11.0,7690.0,20,365.0
-21.0,7695.0,18,316.0
49.0,7700.0,19,359.0
-43.0,7705.0,21,360.0
-1.0,7710.0,14,304.0
56.0,7715.0,15,312.0
-8.0,7720.0,21,324.0
-12.0,7725.0,20,365.0
-41.0,7730.0,13,354.0
11.0,7735.0,16,342.0
12.0,7740.0,12,321.0
21.0,7745.0,18,317.0
4.0,7750.0,18,288.0
29.0,7755.0,21,325.0
-37.0,7760.0,20,383.0
-58.0,7765.0,15,365.0
18.0,7770.0,9,305.0
60.0,7775.0,9,200.0
105.0,7780.0,17,242.0
-42.0,7785.0,17,277.0
-35.0,7790.0,10,257.0
20.0,7795.0,16,227.0
30.0,7800.0,17,264.0
-37.0,7805.0,18,282.0
-18.0,7810.0,17,261.0
21.0,7815.0,16,289.0
-28.0,7820.0,10,243.0
46.0,7825.0,13,211.0
32.0,7830.0,14,233.0
-22.0,7835.0,10,233.0
0.0,7840.0,11,205.0
28.0,7845.0,11,216.0
-11.0,7850.0,12,174.0
42.0,7855.0,19,215.0
-41.0,7860.0,13,250.0
-35.0,7865.0,11,230.0
20.0,7870.0,10,225.0
5.0,7875.0,15,207.0
18.0,7880.0,13,224.0
-17.0,7885.0,18,231.0
-7.0,7890.0,11,205.0
26.0,7895.0,14,197.0
8.0,7900.0,14,237.0
-40.0,7905.0,13,237.0
0.0,7910.0,10,207.0
30.0,7915.0,15,208.0
-1.0,7920.0,17,203.0
5.0,7925.0,14,238.0
-35.0,7930.0,9,232.0
6.0,7935.0,6,197.0
35.0,7940.0,16,199.0
-2.0,7945.0,18,245.0
-46.0,7950.0,11,255.0
-10.0,7955.0,7,249.0
6.0,7960.0,14,260.0
-11.0,7965.0,10,288.0
-28.0,7970.0,5,272.0
16.0,7975.0,11,174.0
98.0,7980.0,14,150.0
24.0,7985.0,13,181.0
-31.0,7990.0,6,156.0
25.0,7995.0,8,162.0
-6.0,8000.0,10,203.0
-41.0,8005.0,9,183.0
20.0,8010.0,11,163.0
20.0,8015.0,9,120.0
43.0,8020.0,8,90.0
30.0,8025.0,7,108.0
-18.0,8030.0,9,106.0
2.0,8035.0,11,97.0
9.0,8040.0,8,106.0
-9.0,8045.0,11,121.0
-15.0,8050.0,15,191.0
-70.0,8055.0,11,195.0
-4.0,8060.0,14,219.0
-24.0,8065.0,16,191.0
28.0,8070.0,11,195.0
-4.0,8075.0,13,197.0
-2.0,8080.0,18,228.0
-31.0,8085.0,18,269.0
-41.0,8090.0,11,249.0
20.0,8095.0,8,208.0
41.0,8100.0,12,170.0
38.0,8105.0,13,196.0
-26.0,8110.0,10,197.0
-1.0,8115.0,9,208.0
-11.0,8120.0,12,191.0
17.0,8125.0,20,260.0
-69.0,8130.0,16,289.0
-29.0,8135.0,16,291.0
-2.0,8140.0,13,321.0
-30.0,8145.0,9,294.0
27.0,8150.0,7,278.0
16.0,8155.0,10,194.0
84.0,8160.0,13,153.0
41.0,8165.0,18,225.0
-72.0,8170.0,14,268.0
-43.0,8175.0,11,270.0
-2.0,8180.0,8,247.0
23.0,8185.0,14,179.0
68.0,8190.0,13,189.0
-10.0,8195.0,11,210.0
-21.0,8200.0,7,169.0
41.0,8205.0,13,207.0
-38.0,8210.0,14,245.0
-38.0,8215.0,17,279.0
-34.0,8220.0,12,315.0
-36.0,8225.0,11,277.0
38.0,8230.0,12,262.0
15.0,8235.0,15,217.0
45.0,8240.0,15,263.0
-46.0,8245.0,20,288.0
-25.0,8250.0,9,241.0
47.0,8255.0,15,230.0
11.0,8260.0,14,247.0
-17.0,8265.0,16,294.0
-47.0,8270.0,13,300.0
-6.0,8275.0,11,291.0
9.0,8280.0,15,296.0
-5.0,8285.0,17,251.0
45.0,8290.0,17,298.0
-47.0,8295.0,11,289.0
9.0,8300.0,15,288.0
1.0,8305.0,15,270.0
18.0,8310.0,13,286.0
-16.0,8315.0,14,251.0
35.0,8320.0,17,301.0
-50.0,8325.0,14,321.0
-20.0,8330.0,13,352.0
-31.0,8335.0,18,362.0
-10.0,8340.0,15,345.0
17.0,8345.0,16,338.0
7.0,8350.0,17,392.0
-54.0,8355.0,11,320.0
72.0,8360.0,16,274.0
46.0,8365.0,17,305.0
-31.0,8370.0,15,307.0
-2.0,8375.0,11,278.0
29.0,8380.0,13,251.0
27.0,8385.0,16,229.0
22.0,8390.0,16,267.0
-38.0,8395.0,14,258.0
9.0,8400.0,11,253.0
5.0,8405.0,13,298.0
-45.0,8410.0,12,310.0
-12.0,8415.0,10,284.0
26.0,8420.0,17,288.0
-4.0,8425.0,25,376.0
-88.0,8430.0,22,481.0
-105.0,8435.0,18,504.0
-23.0,8440.0,15,453.0
51.0,8445.0,20,482.0
-29.0,8450.0,14,481.0
1.0,8455.0,18,447.0
34.0,8460.0,20,466.0
-19.0,8465.0,15,422.0
44.0,8470.0,14,379.0
43.0,8475.0,18,405.0
-26.0,8480.0,23,446.0
-41.0,8485.0,23,465.0
-19.0,8490.0,15,475.0
-10.0,8495.0,19,495.0
-20.0,8500.0,22,566.0
-71.0,8505.0,19,609.0
-43.0,8510.0,15,562.0
47.0,8515.0,25,492.0
70.0,8520.0,24,570.0
-78.0,8525.0,21,617.0
-47.0,8530.0,17,634.0
-17.0,8535.0,18,556.0
78.0,8540.0,28,521.0
35.0,8545.0,29,605.0
-84.0,8550.0,23,637.0
-32.0,8555.0,15,638.0
-1.0,8560.0,16,572.0
66.0,8565.0,21,548.0
24.0,8570.0,27,608.0
-60.0,8575.0,25,633.0
-25.0,8580.0,17,605.0
28.0,8585.0,18,605.0
0.0,8590.0,18,579.0
26.0,8595.0,20,542.0
37.0,8600.0,28,512.0
30.0,8605.0,33,570.0
-58.0,8610.0,21,576.0
-6.0,8615.0,15,538.0
38.0,8620.0,13,533.0
5.0,8625.0,17,521.0
12.0,8630.0,19,465.0
56.0,8635.0,29,536.0
-71.0,8640.0,19,549.0
-13.0,8645.0,17,502.0
47.0,8650.0,22,566.0
-64.0,8655.0,25,616.0
-50.0,8660.0,24,686.0
-70.0,8665.0,26,705.0
-19.0,8670.0,20,703.0
2.0,8675.0,18,717.0
-14.0,8680.0,19,697.0
20.0,8685.0,22,639.0
58.0,8690.0,23,504.0
135.0,8695.0,30,554.0
-50.0,8700.0,19,564.0
-10.0,8705.0,18,548.0
16.0,8710.0,14,546.0
2.0,8715.0,17,522.0
24.0,8720.0,18,524.0
-2.0,8725.0,23,566.0
-42.0,8730.0,19,569.0
-3.0,8735.0,19,589.0
-20.0,8740.0,18,622.0
-33.0,8745.0,20,636.0
-14.0,8750.0,20,534.0
102.0,8755.0,23,596.0
-62.0,8760.0,17,620.0
-24.0,8765.0,16,570.0
50.0,8770.0,21,467.0
103.0,8775.0,20,419.0
48.0,8780.0,23,462.0
-43.0,8785.0,27,515.0
-53.0,8790.0,15,501.0
14.0,8795.0,13,449.0
52.0,8800.0,18,444.0
5.0,8805.0,21,430.0
14.0,8810.0,18,439.0
-9.0,8815.0,16,423.0
16.0,8820.0,17,438.0
-15.0,8825.0,16,399.0
39.0,8830.0,20,376.0
23.0,8835.0,15,394.0
-18.0,8840.0,16,380.0
14.0,8845.0,18,325.0
55.0,8850.0,18,356.0
-31.0,8855.0,12,309.0
47.0,8860.0,9,290.0
19.0,8865.0,12,295.0
-5.0,8870.0,15,244.0
51.0,8875.0,23,276.0
-32.0,8880.0,12,254.0
22.0,8885.0,11,236.0
18.0,8890.0,14,262.0
-26.0,8895.0,16,272.0
-10.0,8900.0,20,321.0
-49.0,8905.0,15,322.0
-1.0,8910.0,14,337.0
-15.0,8915.0,17,348.0
-11.0,8920.0,17,383.0
-35.0,8925.0,12,384.0
-1.0,8930.0,10,316.0
68.0,8935.0,18,291.0
25.0,8940.0,17,255.0
36.0,8945.0,18,305.0
-50.0,8950.0,13,318.0
-13.0,8955.0,13,333.0
-15.0,8960.0,12,313.0
20.0,8965.0,19,269.0
44.0,8970.0,19,330.0
-61.0,8975.0,15,371.0
-41.0,8980.0,18,385.0
-14.0,8985.0,19,382.0
3.0,8990.0,18,315.0
67.0,8995.0,21,357.0
-42.0,9000.0,17,402.0
-45.0,9005.0,10,385.0
17.0,9010.0,10,300.0
85.0,9015.0,13,271.0
29.0,9020.0,20,312.0
-41.0,9025.0,17,300.0
12.0,9030.0,12,311.0
-11.0,9035.0,16,329.0
-18.0,9040.0,17,381.0
-52.0,9045.0,12,401.0
-20.0,9050.0,9,356.0
45.0,9055.0,22,340.0
16.0,9060.0,19,295.0
45.0,9065.0,19,348.0
-53.0,9070.0,13,346.0
2.0,9075.0,14,346.0
0.0,9080.0,12,297.0
49.0,9085.0,17,284.0
13.0,9090.0,17,255.0
29.0,9095.0,15,268.0
-13.0,9100.0,10,254.0
14.0,9105.0,13,258.0
-4.0,9110.0,17,280.0
-22.0,9115.0,19,327.0
-47.0,9120.0,10,334.0
-7.0,9125.0,9,240.0
94.0,9130.0,12,231.0
9.0,9135.0,14,206.0
25.0,9140.0,12,231.0
-25.0,9145.0,16,220.0
11.0,9150.0,7,136.0
84.0,9155.0,13,153.0
-17.0,9160.0,13,189.0
-36.0,9165.0,12,232.0
-43.0,9170.0,17,308.0
-76.0,9175.0,20,365.0
-57.0,9180.0,14,371.0
-6.0,9185.0,12,326.0
45.0,9190.0,11,237.0
89.0,9195.0,16,247.0
-10.0,9200.0,19,295.0
-48.0,9205.0,14,283.0
12.0,9210.0,11,260.0
23.0,9215.0,13,290.0
-30.0,9220.0,9,269.0
21.0,9225.0,11,203.0
66.0,9230.0,15,221.0
-18.0,9235.0,17,240.0
-19.0,9240.0,14,253.0
-13.0,9245.0,10,265.0
-12.0,9250.0,7,223.0
42.0,9255.0,5,159.0
64.0,9260.0,13,135.0
24.0,9265.0,13,152.0
-17.0,9270.0,9,123.0
29.0,9275.0,5,102.0
21.0,9280.0,13,102.0
0.0,9285.0,10,135.0
-33.0,9290.0,7,126.0
9.0,9295.0,11,137.0
-11.0,9300.0,9,124.0
13.0,9305.0,7,97.0
27.0,9310.0,13,125.0
-28.0,9315.0,16,197.0
-72.0,9320.0,13,236.0
-39.0,9325.0,16,216.0
20.0,9330.0,13,195.0
21.0,9335.0,11,213.0
-18.0,9340.0,8,181.0
32.0,9345.0,13,199.0
-18.0,9350.0,11,175.0
24.0,9355.0,16,183.0
-8.0,9360.0,13,192.0
-9.0,9365.0,15,195.0
-3.0,9370.0,18,232.0
-37.0,9375.0,15,265.0
-33.0,9380.0,13,255.0
10.0,9385.0,17,266.0
-11.0,9390.0,11,233.0
33.0,9395.0,16,216.0
17.0,9400.0,14,219.0
-3.0,9405.0,13,193.0
26.0,9410.0,9,192.0
1.0,9415.0,12,164.0
28.0,9420.0,9,149.0
15.0,9425.0,7,96.0
53.0,9430.0,8,107.0
-11.0,9435.0,12,137.0
-30.0,9440.0,11,151.0
-14.0,9445.0,11,164.0
-13.0,9450.0,7,136.0
28.0,9455.0,8,104.0
32.0,9460.0,13,102.0
2.0,9465.0,10,128.0
-26.0,9470.0,8,128.0
0.0,9475.0,11,152.0
-24.0,9480.0,6,137.0
15.0,9485.0,11,130.0
7.0,9490.0,9,108.0
22.0,9495.0,9,108.0
0.0,9500.0,13,147.0
-39.0,9505.0,22,220.0
-73.0,9510.0,13,238.0
-18.0,9515.0,7,191.0
47.0,9520.0,10,174.0
17.0,9525.0,15,189.0
-15.0,9530.0,15,214.0
-25.0,9535.0,13,207.0
7.0,9540.0,11,224.0
-17.0,9545.0,11,210.0
14.0,9550.0,10,176.0
34.0,9555.0,12,174.0
2.0,9560.0,18,262.0
-88.0,9565.0,19,306.0
-44.0,9570.0,10,296.0
10.0,9575.0,11,249.0
47.0,9580.0,14,251.0
-2.0,9585.0,17,247.0
4.0,9590.0,14,256.0
-9.0,9595.0,14,230.0
26.0,9600.0,10,208.0
22.0,9605.0,9,152.0
56.0,9610.0,15,171.0
-19.0,9615.0,13,197.0
-26.0,9620.0,12,219.0
-22.0,9625.0,12,210.0
9.0,9630.0,13,212.0
-2.0,9635.0,12,197.0
15.0,9640.0,13,184.0
13.0,9645.0,10,143.0
41.0,9650.0,15,178.0
-35.0,9655.0,11,200.0
-22.0,9660.0,5,165.0
35.0,9665.0,7,116.0
49.0,9670.0,13,154.0
-38.0,9675.0,12,141.0
13.0,9680.0,12,162.0
-21.0,9685.0,15,132.0
30.0,9690.0,9,136.0
-4.0,9695.0,5,119.0
17.0,9700.0,7,107.0
12.0,9705.0,10,93.0
14.0,9710.0,7,108.0
-15.0,9715.0,9,102.0
6.0,9720.0,9,123.0
-21.0,9725.0,5,97.0
26.0,9730.0,9,93.0
4.0,9735.0,14,155.0
-62.0,9740.0,12,182.0
-27.0,9745.0,16,212.0
-30.0,9750.0,11,211.0
1.0,9755.0,8,213.0
-2.0,9760.0,12,178.0
35.0,9765.0,17,186.0
-8.0,9770.0,12,222.0
-36.0,9775.0,14,228.0
-6.0,9780.0,9,211.0
17.0,9785.0,12,176.0
35.0,9790.0,8,178.0
-2.0,9795.0,8,167.0
11.0,9800.0,9,113.0
54.0,9805.0,16,138.0
-25.0,9810.0,14,172.0
-34.0,9815.0,16,224.0
-52.0,9820.0,12,250.0
-26.0,9825.0,5,208.0
42.0,9830.0,12,190.0
18.0,9835.0,13,209.0
-19.0,9840.0,7,152.0
57.0,9845.0,9,132.0
20.0,9850.0,7,127.0
5.0,9855.0,12,136.0
-9.0,9860.0,9,168.0
-32.0,9865.0,15,166.0
2.0,9870.0,8,112.0
54.0,9875.0,14,148.0
-36.0,9880.0,11,181.0
-33.0,9885.0,12,204.0
-23.0,9890.0,9,176.0
28.0,9895.0,19,206.0
-30.0,9900.0,13,220.0
-14.0,9905.0,14,249.0
-29.0,9910.0,11,243.0
6.0,9915.0,7,222.0
21.0,9920.0,15,217.0
5.0,9925.0,21,219.0
-2.0,9930.0,18,266.0
-47.0,9935.0,12,268.0
-2.0,9940.0,14,275.0
-7.0,9945.0,14,293.0
-18.0,9950.0,13,269.0
24.0,9955.0,21,288.0
-19.0,9960.0,18,279.0
9.0,9965.0,18,326.0
-47.0,9970.0,13,314.0
12.0,9975.0,10,276.0
38.0,9980.0,18,271.0
60.0,20,448.0
-70.0,9965.0,14,459.0
-11.0,9970.0,9,374.0
85.0,9975.0,15,286.0
88.0,9980.0,24,370.0
